"Time Sec","Extension mm","Load N","Cycle"
0.,-26.9657,-9.98732,1
0.1,-26.966,-10.4847,1
0.2,-26.9667,-10.9792,1
0.3,-26.9676,-11.4833,1
0.4,-26.9685,-11.9874,1
0.5,-26.9695,-12.4929,1
0.6,-26.9704,-13.0028,1
0.7,-26.9713,-13.5335,1
0.8,-26.9723,-14.1018,1
0.9,-26.9732,-14.6435,1
1.,-26.9742,-15.1956,1
1.1,-26.9751,-15.7741,1
1.2,-26.9761,-16.3452,1
1.3,-26.977,-16.9466,1
1.4,-26.9779,-17.549,1
1.5,-26.9789,-18.1684,1
1.6,-26.9798,-18.7995,1
1.7,-26.9808,-19.4595,1
1.8,-26.9817,-20.1434,1
1.9,-26.9826,-20.8153,1
2.,-26.9836,-21.5092,1
2.1,-26.9845,-22.2162,1
2.2,-26.9855,-22.9583,1
2.3,-26.9864,-23.7182,1
2.4,-26.9874,-24.4638,1
2.5,-26.9883,-25.2375,1
2.6,-26.9892,-26.0146,1
2.7,-26.9902,-26.8191,1
2.8,-26.9911,-27.6299,1
2.9,-26.9921,-28.4393,1
3.,-26.993,-29.2653,1
3.1,-26.9939,-30.0921,1
3.2,-26.9949,-30.9717,1
3.3,-26.9958,-31.8524,1
3.4,-26.9968,-32.7653,1
3.5,-26.9977,-33.7097,1
3.6,-26.9987,-34.6823,1
3.7,-26.9996,-35.7119,1
3.8,-27.0005,-36.7346,1
3.9,-27.0015,-37.7853,1
4.,-27.0024,-38.861,1
4.1,-27.0034,-39.9581,1
4.2,-27.0043,-41.1055,1
4.3,-27.0052,-42.2253,1
4.4,-27.0062,-43.388,1
4.5,-27.0071,-44.5529,1
4.6,-27.0081,-45.7364,1
4.7,-27.009,-46.9717,1
4.8,-27.0099,-48.181,1
4.9,-27.0109,-49.4227,1
5.,-27.0118,-50.6504,1
5.1,-27.0128,-51.9138,1
5.2,-27.0137,-53.1778,1
5.3,-27.0147,-54.4297,1
5.4,-27.0156,-55.7049,1
5.5,-27.0165,-56.9903,1
5.6,-27.0175,-58.3292,1
5.7,-27.0184,-59.6259,1
5.8,-27.0194,-60.9328,1
5.9,-27.0203,-62.252,1
6.,-27.0212,-63.5707,1
6.1,-27.0222,-64.9368,1
6.2,-27.0231,-66.2857,1
6.3,-27.0238,-67.64,1
6.4,-27.0246,-68.9952,1
6.5,-27.0253,-70.373,1
6.6,-27.026,-71.807,1
6.7,-27.0267,-73.138,1
6.8,-27.0274,-74.5411,1
6.9,-27.0281,-75.952,1
7.,-27.0288,-77.3754,1
7.1,-27.0295,-78.8071,1
7.2,-27.0302,-80.2071,1
7.3,-27.0309,-81.6221,1
7.4,-27.0316,-83.027,1
7.5,-27.0323,-84.5109,1
7.6,-27.033,-85.9366,1
7.7,-27.0337,-87.3344,1
7.8,-27.0344,-88.7984,1
7.9,-27.0351,-90.2405,1
8.,-27.0359,-91.7285,1
8.1,-27.0366,-93.1678,1
8.2,-27.0373,-94.5997,1
8.3,-27.038,-96.0258,1
8.4,-27.0387,-97.4436,1
8.5,-27.0394,-98.9111,1
8.6,-27.0401,-100.344,1
8.7,-27.0408,-101.774,1
8.8,-27.0415,-103.204,1
8.9,-27.0422,-104.64,1
9.,-27.0429,-106.096,1
9.1,-27.0436,-107.519,1
9.2,-27.0443,-108.958,1
9.3,-27.045,-110.374,1
9.4,-27.0457,-111.812,1
9.5,-27.0464,-113.285,1
9.6,-27.0472,-114.692,1
9.7,-27.0479,-116.115,1
9.8,-27.0486,-117.545,1
9.9,-27.0493,-118.995,1
10.,-27.05,-120.444,1
10.1,-27.0507,-121.86,1
10.2,-27.0514,-123.288,1
10.3,-27.0521,-124.701,1
10.4,-27.0528,-126.175,1
10.5,-27.0535,-127.613,1
10.6,-27.0542,-129.035,1
10.7,-27.0549,-130.47,1
10.8,-27.0556,-131.908,1
10.9,-27.0563,-133.38,1
11.,-27.057,-134.809,1
11.1,-27.0577,-136.242,1
11.2,-27.0585,-137.676,1
11.3,-27.0593,-139.113,1
11.4,-27.0602,-140.594,1
11.5,-27.0612,-142.009,1
11.6,-27.0621,-143.457,1
11.7,-27.0631,-144.892,1
11.8,-27.064,-146.356,1
11.9,-27.0649,-147.835,1
12.,-27.0659,-149.238,1
12.1,-27.0668,-150.676,1
12.2,-27.0678,-152.124,1
12.3,-27.0687,-153.596,1
12.4,-27.0697,-155.057,1
12.5,-27.0706,-156.497,1
12.6,-27.0715,-157.941,1
12.7,-27.0725,-159.382,1
12.8,-27.0734,-160.866,1
12.9,-27.0744,-162.325,1
13.,-27.0753,-163.756,1
13.1,-27.0762,-165.215,1
13.2,-27.0772,-166.66,1
13.3,-27.0781,-168.152,1
13.4,-27.0791,-169.598,1
13.5,-27.08,-171.037,1
13.6,-27.081,-172.492,1
13.7,-27.0819,-173.96,1
13.8,-27.0828,-175.503,1
13.9,-27.0838,-176.924,1
14.,-27.0847,-178.387,1
14.1,-27.0857,-179.838,1
14.2,-27.0866,-181.321,1
14.3,-27.0875,-182.816,1
14.4,-27.0885,-184.244,1
14.5,-27.0894,-185.707,1
14.6,-27.0904,-187.161,1
14.7,-27.0913,-188.635,1
14.8,-27.0923,-190.118,1
14.9,-27.0932,-191.562,1
15.,-27.0941,-193.03,1
15.1,-27.0951,-194.479,1
15.2,-27.096,-195.993,1
15.3,-27.097,-197.452,1
15.4,-27.0979,-198.889,1
15.5,-27.0988,-200.374,1
15.6,-27.0998,-201.82,1
15.7,-27.1007,-203.313,1
15.8,-27.1017,-204.756,1
15.9,-27.1026,-206.203,1
16.,-27.1036,-207.674,1
16.1,-27.1045,-209.145,1
16.2,-27.1054,-210.634,1
16.3,-27.1064,-212.084,1
16.4,-27.1073,-213.53,1
16.5,-27.1083,-214.965,1
16.6,-27.1092,-216.448,1
16.7,-27.1101,-217.948,1
16.8,-27.1111,-219.382,1
16.9,-27.112,-220.858,1
17.,-27.113,-222.292,1
17.1,-27.1139,-223.779,1
17.2,-27.1148,-225.249,1
17.3,-27.1155,-226.711,1
17.4,-27.1162,-228.168,1
17.5,-27.1169,-229.594,1
17.6,-27.1176,-231.089,1
17.7,-27.1184,-232.53,1
17.8,-27.1191,-233.986,1
17.9,-27.1198,-235.426,1
18.,-27.1205,-236.868,1
18.1,-27.1212,-238.382,1
18.2,-27.1219,-239.809,1
18.3,-27.1226,-241.224,1
18.4,-27.1233,-242.68,1
18.5,-27.124,-244.168,1
18.6,-27.1247,-245.656,1
18.7,-27.1254,-247.085,1
18.8,-27.1261,-248.539,1
18.9,-27.1268,-249.983,1
19.,-27.1275,-251.471,1
19.1,-27.1282,-252.979,1
19.2,-27.1289,-254.421,1
19.3,-27.1297,-255.888,1
19.4,-27.1304,-257.329,1
19.5,-27.1311,-258.846,1
19.6,-27.1318,-260.339,1
19.7,-27.1325,-261.787,1
19.8,-27.1332,-263.281,1
19.9,-27.1339,-264.756,1
20.,-27.1346,-266.289,1
20.1,-27.1353,-267.782,1
20.2,-27.136,-269.259,1
20.3,-27.1367,-270.746,1
20.4,-27.1374,-272.243,1
20.5,-27.1381,-273.811,1
20.6,-27.1388,-275.297,1
20.7,-27.1395,-276.812,1
20.8,-27.1402,-278.331,1
20.9,-27.141,-279.85,1
21.,-27.1417,-281.432,1
21.1,-27.1424,-282.928,1
21.2,-27.1431,-284.448,1
21.3,-27.1438,-285.957,1
21.4,-27.1445,-287.51,1
21.5,-27.1452,-289.081,1
21.6,-27.1459,-290.6,1
21.7,-27.1466,-292.132,1
21.8,-27.1473,-293.646,1
21.9,-27.148,-295.226,1
22.,-27.1487,-296.803,1
22.1,-27.1494,-298.323,1
22.2,-27.1501,-299.898,1
22.3,-27.1508,-301.413,1
22.4,-27.1518,-303.025,1
22.5,-27.1527,-304.613,1
22.6,-27.1537,-306.151,1
22.7,-27.1546,-307.706,1
22.8,-27.1555,-309.276,1
22.9,-27.1565,-310.894,1
23.,-27.1574,-312.463,1
23.1,-27.1584,-314.021,1
23.2,-27.1593,-315.594,1
23.3,-27.1603,-317.16,1
23.4,-27.1612,-318.768,1
23.5,-27.1621,-320.328,1
23.6,-27.1631,-321.901,1
23.7,-27.164,-323.474,1
23.8,-27.165,-325.089,1
23.9,-27.1659,-326.716,1
24.,-27.1668,-328.277,1
24.1,-27.1678,-329.871,1
24.2,-27.1687,-331.474,1
24.3,-27.1697,-333.119,1
24.4,-27.1706,-334.752,1
24.5,-27.1716,-336.315,1
24.6,-27.1725,-337.916,1
24.7,-27.1734,-339.509,1
24.8,-27.1744,-341.183,1
24.9,-27.1753,-342.787,1
25.,-27.1763,-344.369,1
25.1,-27.1772,-346.064,1
25.2,-27.1781,-347.705,1
25.3,-27.1791,-349.346,1
25.4,-27.18,-350.923,1
25.5,-27.181,-352.506,1
25.6,-27.1819,-354.111,1
25.7,-27.1828,-355.707,1
25.8,-27.1838,-357.354,1
25.9,-27.1847,-358.933,1
26.,-27.1857,-360.536,1
26.1,-27.1866,-362.122,1
26.2,-27.1876,-363.721,1
26.3,-27.1885,-365.334,1
26.4,-27.1894,-366.901,1
26.5,-27.1904,-368.503,1
26.6,-27.1913,-370.062,1
26.7,-27.1923,-371.673,1
26.8,-27.1932,-373.263,1
26.9,-27.1941,-374.792,1
27.,-27.1951,-376.352,1
27.1,-27.196,-377.906,1
27.2,-27.197,-379.517,1
27.3,-27.1979,-381.059,1
27.4,-27.1989,-382.597,1
27.5,-27.1998,-384.148,1
27.6,-27.2007,-385.661,1
27.7,-27.2017,-387.255,1
27.8,-27.2026,-388.77,1
27.9,-27.2036,-390.287,1
28.,-27.2045,-391.826,1
28.1,-27.2054,-393.353,1
28.2,-27.2064,-394.915,1
28.3,-27.2073,-396.422,1
28.4,-27.208,-397.919,1
28.5,-27.2087,-399.4,1
28.6,-27.2095,-400.922,1
28.7,-27.2102,-402.486,1
28.8,-27.2109,-403.938,1
28.9,-27.2116,-405.427,1
29.,-27.2123,-406.893,1
29.1,-27.213,-408.396,1
29.2,-27.2137,-409.885,1
29.3,-27.2144,-411.329,1
29.4,-27.2151,-412.792,1
29.5,-27.2158,-414.232,1
29.6,-27.2165,-415.744,1
29.7,-27.2172,-417.186,1
29.8,-27.2179,-418.613,1
29.9,-27.2186,-420.053,1
30.,-27.2193,-421.474,1
30.1,-27.22,-422.954,1
30.2,-27.2208,-424.366,1
30.3,-27.2215,-425.77,1
30.4,-27.2222,-427.179,1
30.5,-27.2229,-428.597,1
30.6,-27.2236,-430.037,1
30.7,-27.2243,-431.402,1
30.8,-27.225,-432.8,1
30.9,-27.2257,-434.15,1
31.,-27.2264,-435.526,1
31.1,-27.2271,-436.929,1
31.2,-27.2278,-438.263,1
31.3,-27.2285,-439.623,1
31.4,-27.2292,-440.937,1
31.5,-27.2299,-442.314,1
31.6,-27.2306,-443.656,1
31.7,-27.2313,-444.974,1
31.8,-27.2321,-446.293,1
31.9,-27.2328,-447.571,1
32.,-27.2335,-448.927,1
32.1,-27.2342,-450.221,1
32.2,-27.2349,-451.499,1
32.3,-27.2356,-452.768,1
32.4,-27.2363,-454.03,1
32.5,-27.237,-455.342,1
32.6,-27.2377,-456.595,1
32.7,-27.2384,-457.819,1
32.8,-27.2391,-459.025,1
32.9,-27.2398,-460.241,1
33.,-27.2405,-461.506,1
33.1,-27.2412,-462.672,1
33.2,-27.2419,-463.857,1
33.3,-27.2426,-465.031,1
33.4,-27.2434,-466.227,1
33.5,-27.2443,-467.431,1
33.6,-27.2453,-468.537,1
33.7,-27.2462,-469.678,1
33.8,-27.2471,-470.798,1
33.9,-27.2481,-471.955,1
34.,-27.249,-473.095,1
34.1,-27.25,-474.166,1
34.2,-27.2509,-475.246,1
34.3,-27.2519,-476.29,1
34.4,-27.2528,-477.42,1
34.5,-27.2537,-478.483,1
34.6,-27.2547,-479.504,1
34.7,-27.2556,-480.539,1
34.8,-27.2566,-481.549,1
34.9,-27.2575,-482.617,1
35.,-27.2584,-483.603,1
35.1,-27.2594,-484.579,1
35.2,-27.2603,-485.542,1
35.3,-27.2613,-486.524,1
35.4,-27.2622,-487.514,1
35.5,-27.2632,-488.446,1
35.6,-27.2641,-489.398,1
35.7,-27.265,-490.328,1
35.8,-27.266,-491.277,1
35.9,-27.2669,-492.203,1
36.,-27.2679,-493.076,1
36.1,-27.2688,-493.977,1
36.2,-27.2697,-494.844,1
36.3,-27.2707,-495.743,1
36.4,-27.2716,-496.619,1
36.5,-27.2726,-497.431,1
36.6,-27.2735,-498.273,1
36.7,-27.2745,-499.104,1
36.8,-27.2754,-499.962,1
36.9,-27.2763,-500.751,1
37.,-27.2773,-501.54,1
37.1,-27.2782,-502.339,1
37.2,-27.2792,-503.108,1
37.3,-27.2801,-503.924,1
37.4,-27.281,-504.669,1
37.5,-27.282,-505.428,1
37.6,-27.2829,-506.164,1
37.7,-27.2839,-506.877,1
37.8,-27.2848,-507.658,1
37.9,-27.2857,-508.355,1
38.,-27.2867,-509.033,1
38.1,-27.2876,-509.705,1
38.2,-27.2886,-510.382,1
38.3,-27.2895,-511.064,1
38.4,-27.2905,-511.662,1
38.5,-27.2914,-512.288,1
38.6,-27.2923,-512.85,1
38.7,-27.2933,-513.44,1
38.8,-27.2942,-513.992,1
38.9,-27.2952,-514.448,1
39.,-27.2961,-514.893,1
39.1,-27.297,-515.244,1
39.2,-27.298,-515.593,1
39.3,-27.2989,-515.835,1
39.4,-27.2998,-515.952,1
39.5,-27.3005,-516.018,1
39.6,-27.3012,-516.003,1
39.7,-27.3019,-516.038,1
39.8,-27.3026,-515.957,1
39.9,-27.3033,-515.857,1
40.,-27.304,-515.785,1
40.1,-27.3047,-515.781,1
40.2,-27.3054,-515.878,1
40.3,-27.3061,-515.935,1
40.4,-27.3068,-516.048,1
40.5,-27.3075,-516.209,1
40.6,-27.3082,-516.437,1
40.7,-27.3089,-516.728,1
40.8,-27.3097,-516.967,1
40.9,-27.3104,-517.282,1
41.,-27.3111,-517.611,1
41.1,-27.3118,-518.019,1
41.2,-27.3125,-518.431,1
41.3,-27.3132,-518.839,1
41.4,-27.3139,-519.293,1
41.5,-27.3146,-519.732,1
41.6,-27.3153,-520.257,1
41.7,-27.316,-520.754,1
41.8,-27.3167,-521.245,1
41.9,-27.3174,-521.76,1
42.,-27.3181,-522.298,1
42.1,-27.3188,-522.869,1
42.2,-27.3195,-523.392,1
42.3,-27.3202,-523.936,1
42.4,-27.321,-524.48,1
42.5,-27.3217,-525.032,1
42.6,-27.3224,-525.638,1
42.7,-27.3231,-526.141,1
42.8,-27.3238,-526.688,1
42.9,-27.3245,-527.218,1
43.,-27.3252,-527.753,1
43.1,-27.3259,-528.309,1
43.2,-27.3266,-528.818,1
43.3,-27.3273,-529.352,1
43.4,-27.328,-529.857,1
43.5,-27.3287,-530.396,1
43.6,-27.3294,-530.939,1
43.7,-27.3301,-531.419,1
43.8,-27.3308,-531.91,1
43.9,-27.3315,-532.37,1
44.,-27.3323,-532.895,1
44.1,-27.333,-533.384,1
44.2,-27.3337,-533.825,1
44.3,-27.3344,-534.273,1
44.4,-27.3351,-534.684,1
44.5,-27.336,-535.168,1
44.6,-27.3369,-535.578,1
44.7,-27.3379,-535.962,1
44.8,-27.3388,-536.313,1
44.9,-27.3398,-536.66,1
45.,-27.3407,-537.072,1
45.1,-27.3416,-537.381,1
45.2,-27.3426,-537.697,1
45.3,-27.3435,-537.981,1
45.4,-27.3445,-538.271,1
45.5,-27.3454,-538.558,1
45.6,-27.3463,-538.765,1
45.7,-27.3473,-538.984,1
45.8,-27.3482,-539.197,1
45.9,-27.3492,-539.434,1
46.,-27.3501,-539.654,1
46.1,-27.3511,-539.835,1
46.2,-27.352,-540.017,1
46.3,-27.3529,-540.188,1
46.4,-27.3539,-540.429,1
46.5,-27.3548,-540.601,1
46.6,-27.3558,-540.765,1
46.7,-27.3567,-540.938,1
46.8,-27.3576,-541.115,1
46.9,-27.3586,-541.333,1
47.,-27.3595,-541.481,1
47.1,-27.3605,-541.636,1
47.2,-27.3614,-541.815,1
47.3,-27.3624,-541.991,1
47.4,-27.3633,-542.206,1
47.5,-27.3642,-542.329,1
47.6,-27.3652,-542.494,1
47.7,-27.3661,-542.623,1
47.8,-27.3671,-542.779,1
47.9,-27.368,-542.957,1
48.,-27.3689,-543.066,1
48.1,-27.3699,-543.213,1
48.2,-27.3708,-543.337,1
48.3,-27.3718,-543.491,1
48.4,-27.3727,-543.643,1
48.5,-27.3737,-543.748,1
48.6,-27.3746,-543.875,1
48.7,-27.3755,-543.957,1
48.8,-27.3765,-544.103,1
48.9,-27.3774,-544.197,1
49.,-27.3784,-544.269,1
49.1,-27.3793,-544.349,1
49.2,-27.3802,-544.393,1
49.3,-27.3812,-544.501,1
49.4,-27.3821,-544.537,1
49.5,-27.3831,-544.551,1
49.6,-27.384,-544.553,1
49.7,-27.3849,-544.526,1
49.8,-27.3859,-544.562,1
49.9,-27.3868,-544.503,1
50.,-27.3878,-544.427,1
50.1,-27.3887,-544.333,1
50.2,-27.3897,-544.265,1
50.3,-27.3906,-544.218,1
50.4,-27.3915,-544.101,1
50.5,-27.3922,-543.994,1
50.6,-27.3929,-543.871,1
50.7,-27.3936,-543.777,1
50.8,-27.3943,-543.685,1
50.9,-27.395,-543.555,1
51.,-27.3957,-543.449,1
51.1,-27.3964,-543.318,1
51.2,-27.3971,-543.261,1
51.3,-27.3978,-543.173,1
51.4,-27.3985,-543.043,1
51.5,-27.3992,-542.958,1
51.6,-27.3999,-542.849,1
51.7,-27.4006,-542.82,1
51.8,-27.4014,-542.731,1
51.9,-27.4021,-542.65,1
52.,-27.4028,-542.575,1
52.1,-27.4035,-542.535,1
52.2,-27.4042,-542.537,1
52.3,-27.4049,-542.458,1
52.4,-27.4056,-542.422,1
52.5,-27.4063,-542.371,1
52.6,-27.407,-542.38,1
52.7,-27.4077,-542.38,1
52.8,-27.4084,-542.316,1
52.9,-27.4091,-542.317,1
53.,-27.4098,-542.314,1
53.1,-27.4105,-542.35,1
53.2,-27.4112,-542.386,1
53.3,-27.4119,-542.37,1
53.4,-27.4127,-542.396,1
53.5,-27.4134,-542.401,1
53.6,-27.4141,-542.477,1
53.7,-27.4148,-542.502,1
53.8,-27.4155,-542.52,1
53.9,-27.4162,-542.564,1
54.,-27.4169,-542.606,1
54.1,-27.4176,-542.72,1
54.2,-27.4183,-542.77,1
54.3,-27.419,-542.827,1
54.4,-27.4197,-542.888,1
54.5,-27.4204,-542.947,1
54.6,-27.4211,-543.056,1
54.7,-27.4218,-543.107,1
54.8,-27.4225,-543.183,1
54.9,-27.4232,-543.241,1
55.,-27.424,-543.35,1
55.1,-27.4247,-543.464,1
55.2,-27.4254,-543.523,1
55.3,-27.4261,-543.599,1
55.4,-27.4268,-543.642,1
55.5,-27.4276,-543.745,1
55.6,-27.4286,-543.847,1
55.7,-27.4295,-543.888,1
55.8,-27.4305,-543.928,1
55.9,-27.4314,-543.971,1
56.,-27.4323,-544.089,1
56.1,-27.4333,-544.17,1
56.2,-27.4342,-544.213,1
56.3,-27.4352,-544.278,1
56.4,-27.4361,-544.34,1
56.5,-27.437,-544.467,1
56.6,-27.438,-544.517,1
56.7,-27.4389,-544.574,1
56.8,-27.4399,-544.656,1
56.9,-27.4408,-544.732,1
57.,-27.4417,-544.883,1
57.1,-27.4427,-544.969,1
57.2,-27.4436,-545.08,1
57.3,-27.4446,-545.191,1
57.4,-27.4455,-545.332,1
57.5,-27.4465,-545.499,1
57.6,-27.4474,-545.59,1
57.7,-27.4483,-545.721,1
57.8,-27.4493,-545.839,1
57.9,-27.4502,-546.041,1
58.,-27.4512,-546.202,1
58.1,-27.4521,-546.311,1
58.2,-27.453,-546.487,1
58.3,-27.454,-546.639,1
58.4,-27.4549,-546.842,1
58.5,-27.4559,-547.009,1
58.6,-27.4568,-547.161,1
58.7,-27.4578,-547.309,1
58.8,-27.4587,-547.44,1
58.9,-27.4596,-547.652,1
59.,-27.4606,-547.79,1
59.1,-27.4615,-547.963,1
59.2,-27.4625,-548.147,1
59.3,-27.4634,-548.31,1
59.4,-27.4643,-548.525,1
59.5,-27.4653,-548.684,1
59.6,-27.4662,-548.873,1
59.7,-27.4672,-549.047,1
59.8,-27.4681,-549.23,1
59.9,-27.4691,-549.458,1
60.,-27.47,-549.6,1
60.1,-27.4709,-549.781,1
60.2,-27.4719,-549.95,1
60.3,-27.4728,-550.144,1
60.4,-27.4738,-550.326,1
60.5,-27.4747,-550.48,1
60.6,-27.4756,-550.634,1
60.7,-27.4766,-550.769,1
60.8,-27.4775,-550.961,1
60.9,-27.4785,-551.12,1
61.,-27.4794,-551.259,1
61.1,-27.4804,-551.409,1
61.2,-27.4813,-551.54,1
61.3,-27.4822,-551.728,1
61.4,-27.4831,-551.847,1
61.5,-27.4838,-551.979,1
61.6,-27.4845,-552.09,1
61.7,-27.4852,-552.193,1
61.8,-27.4859,-552.342,1
61.9,-27.4866,-552.413,1
62.,-27.4873,-552.504,1
62.1,-27.4881,-552.598,1
62.2,-27.4888,-552.706,1
62.3,-27.4895,-552.817,1
62.4,-27.4902,-552.847,1
62.5,-27.4909,-552.907,1
62.6,-27.4916,-552.954,1
62.7,-27.4923,-553.048,1
62.8,-27.493,-553.113,1
62.9,-27.4937,-553.116,1
63.,-27.4944,-553.187,1
63.1,-27.4951,-553.189,1
63.2,-27.4958,-553.224,1
63.3,-27.4965,-553.211,1
63.4,-27.4972,-553.172,1
63.5,-27.4979,-553.153,1
63.6,-27.4986,-553.099,1
63.7,-27.4994,-553.11,1
63.8,-27.5001,-553.052,1
63.9,-27.5008,-552.971,1
64.,-27.5015,-552.919,1
64.1,-27.5022,-552.871,1
64.2,-27.5029,-552.843,1
64.3,-27.5036,-552.738,1
64.4,-27.5043,-552.684,1
64.5,-27.505,-552.636,1
64.6,-27.5057,-552.587,1
64.7,-27.5064,-552.56,1
64.8,-27.5071,-552.483,1
64.9,-27.5078,-552.464,1
65.,-27.5085,-552.436,1
65.1,-27.5092,-552.434,1
65.2,-27.5099,-552.447,1
65.3,-27.5107,-552.417,1
65.4,-27.5114,-552.429,1
65.5,-27.5121,-552.404,1
65.6,-27.5128,-552.451,1
65.7,-27.5135,-552.464,1
65.8,-27.5142,-552.479,1
65.9,-27.5149,-552.505,1
66.,-27.5156,-552.517,1
66.1,-27.5163,-552.612,1
66.2,-27.517,-552.643,1
66.3,-27.5177,-552.687,1
66.4,-27.5184,-552.744,1
66.5,-27.5193,-552.796,1
66.6,-27.5202,-552.902,1
66.7,-27.5212,-552.964,1
66.8,-27.5221,-553.028,1
66.9,-27.5231,-553.069,1
67.,-27.524,-553.145,1
67.1,-27.5249,-553.265,1
67.2,-27.5259,-553.307,1
67.3,-27.5268,-553.355,1
67.4,-27.5278,-553.382,1
67.5,-27.5287,-553.452,1
67.6,-27.5296,-553.485,1
67.7,-27.5306,-553.487,1
67.8,-27.5315,-553.486,1
67.9,-27.5325,-553.423,1
68.,-27.5334,-553.433,1
68.1,-27.5344,-553.373,1
68.2,-27.5353,-553.271,1
68.3,-27.5362,-553.162,1
68.4,-27.5372,-553.017,1
68.5,-27.5381,-552.913,1
68.6,-27.5391,-552.674,1
68.7,-27.54,-552.39,1
68.8,-27.5409,-552.027,1
68.9,-27.5419,-551.59,1
69.,-27.5428,-551.115,1
69.1,-27.5438,-550.493,1
69.2,-27.5447,-549.864,1
69.3,-27.5456,-549.206,1
69.4,-27.5466,-548.543,1
69.5,-27.5475,-547.862,1
69.6,-27.5485,-547.122,1
69.7,-27.5494,-546.437,1
69.8,-27.5504,-545.757,1
69.9,-27.5513,-545.149,1
70.,-27.5522,-544.534,1
70.1,-27.5532,-543.914,1
70.2,-27.5541,-543.368,1
70.3,-27.5551,-542.808,1
70.4,-27.556,-542.345,1
70.5,-27.5569,-541.884,1
70.6,-27.5579,-541.446,1
70.7,-27.5588,-541.051,1
70.8,-27.5598,-540.667,1
70.9,-27.5607,-540.386,1
71.,-27.5617,-540.08,1
71.1,-27.5626,-539.797,1
71.2,-27.5635,-539.551,1
71.3,-27.5645,-539.339,1
71.4,-27.5654,-539.216,1
71.5,-27.5664,-539.065,1
71.6,-27.5673,-538.924,1
71.7,-27.5682,-538.794,1
71.8,-27.5692,-538.703,1
71.9,-27.5701,-538.663,1
72.,-27.5711,-538.558,1
72.1,-27.572,-538.484,1
72.2,-27.573,-538.397,1
72.3,-27.5739,-538.359,1
72.4,-27.5748,-538.306,1
72.5,-27.5756,-538.179,1
72.6,-27.5763,-538.03,1
72.7,-27.577,-537.839,1
72.8,-27.5777,-537.691,1
72.9,-27.5784,-537.452,1
73.,-27.5791,-537.154,1
73.1,-27.5798,-536.843,1
73.2,-27.5805,-536.499,1
73.3,-27.5812,-536.216,1
73.4,-27.5819,-535.854,1
73.5,-27.5826,-535.478,1
73.6,-27.5833,-535.101,1
73.7,-27.584,-534.745,1
73.8,-27.5848,-534.463,1
73.9,-27.5855,-534.103,1
74.,-27.5862,-533.814,1
74.1,-27.5869,-533.553,1
74.2,-27.5876,-533.316,1
74.3,-27.5883,-533.12,1
74.4,-27.589,-532.888,1
74.5,-27.5897,-532.702,1
74.6,-27.5904,-532.542,1
74.7,-27.5911,-532.445,1
74.8,-27.5918,-532.345,1
74.9,-27.5925,-532.227,1
75.,-27.5932,-532.16,1
75.1,-27.5939,-532.105,1
75.2,-27.5946,-532.113,1
75.3,-27.5953,-532.105,1
75.4,-27.596,-532.1,1
75.5,-27.5968,-532.121,1
75.6,-27.5975,-532.141,1
75.7,-27.5982,-532.243,1
75.8,-27.5989,-532.284,1
75.9,-27.5996,-532.328,1
76.,-27.6003,-532.391,1
76.1,-27.601,-532.454,1
76.2,-27.6017,-532.578,1
76.3,-27.6024,-532.632,1
76.4,-27.6031,-532.725,1
76.5,-27.6038,-532.784,1
76.6,-27.6045,-532.853,1
76.7,-27.6052,-532.968,1
76.8,-27.6059,-533.015,1
76.9,-27.6066,-533.096,1
77.,-27.6073,-533.141,1
77.1,-27.6081,-533.228,1
77.2,-27.6088,-533.317,1
77.3,-27.6095,-533.37,1
77.4,-27.6102,-533.426,1
77.5,-27.6109,-533.469,1
77.6,-27.6118,-533.572,1
77.7,-27.6128,-533.649,1
77.8,-27.6137,-533.673,1
77.9,-27.6146,-533.722,1
78.,-27.6156,-533.742,1
78.1,-27.6165,-533.813,1
78.2,-27.6175,-533.814,1
78.3,-27.6184,-533.83,1
78.4,-27.6194,-533.85,1
78.5,-27.6203,-533.894,1
78.6,-27.6212,-533.972,1
78.7,-27.6222,-533.97,1
78.8,-27.6231,-533.977,1
78.9,-27.6241,-533.981,1
79.,-27.625,-533.996,1
79.1,-27.6259,-534.032,1
79.2,-27.6269,-534.003,1
79.3,-27.6278,-533.986,1
79.4,-27.6288,-533.968,1
79.5,-27.6297,-533.99,1
79.6,-27.6307,-533.992,1
79.7,-27.6316,-533.956,1
79.8,-27.6325,-533.962,1
79.9,-27.6335,-533.954,1
80.,-27.6344,-534.004,1
80.1,-27.6354,-534.012,1
80.2,-27.6363,-534.011,1
80.3,-27.6372,-534.041,1
80.4,-27.6382,-534.057,1
80.5,-27.6391,-534.137,1
80.6,-27.6401,-534.166,1
80.7,-27.641,-534.218,1
80.8,-27.6419,-534.263,1
80.9,-27.6429,-534.321,1
81.,-27.6438,-534.438,1
81.1,-27.6448,-534.503,1
81.2,-27.6457,-534.611,1
81.3,-27.6467,-534.707,1
81.4,-27.6476,-534.826,1
81.5,-27.6485,-534.973,1
81.6,-27.6495,-535.042,1
81.7,-27.6504,-535.159,1
81.8,-27.6514,-535.261,1
81.9,-27.6523,-535.399,1
82.,-27.6532,-535.514,1
82.1,-27.6542,-535.597,1
82.2,-27.6551,-535.718,1
82.3,-27.6561,-535.813,1
82.4,-27.657,-535.961,1
82.5,-27.658,-536.069,1
82.6,-27.6589,-536.164,1
82.7,-27.6598,-536.259,1
82.8,-27.6608,-536.35,1
82.9,-27.6617,-536.508,1
83.,-27.6627,-536.625,1
83.1,-27.6636,-536.716,1
83.2,-27.6645,-536.818,1
83.3,-27.6655,-536.931,1
83.4,-27.6664,-537.08,1
83.5,-27.6673,-537.175,1
83.6,-27.668,-537.275,1
83.7,-27.6687,-537.378,1
83.8,-27.6694,-537.511,1
83.9,-27.6701,-537.684,1
84.,-27.6709,-537.791,1
84.1,-27.6716,-537.918,1
84.2,-27.6723,-538.044,1
84.3,-27.673,-538.221,1
84.4,-27.6737,-538.405,1
84.5,-27.6744,-538.529,1
84.6,-27.6751,-538.67,1
84.7,-27.6758,-538.785,1
84.8,-27.6765,-538.994,1
84.9,-27.6772,-539.145,1
85.,-27.6779,-539.246,1
85.1,-27.6786,-539.371,1
85.2,-27.6793,-539.474,1
85.3,-27.68,-539.651,1
85.4,-27.6807,-539.738,1
85.5,-27.6814,-539.792,1
85.6,-27.6822,-539.846,1
85.7,-27.6829,-539.917,1
85.8,-27.6836,-540.021,1
85.9,-27.6843,-540.038,1
86.,-27.685,-540.086,1
86.1,-27.6857,-540.117,1
86.2,-27.6864,-540.183,1
86.3,-27.6871,-540.263,1
86.4,-27.6878,-540.271,1
86.5,-27.6885,-540.308,1
86.6,-27.6892,-540.331,1
86.7,-27.6899,-540.401,1
86.8,-27.6906,-540.446,1
86.9,-27.6913,-540.465,1
87.,-27.692,-540.517,1
87.1,-27.6927,-540.519,1
87.2,-27.6935,-540.588,1
87.3,-27.6942,-540.602,1
87.4,-27.6949,-540.617,1
87.5,-27.6956,-540.641,1
87.6,-27.6963,-540.635,1
87.7,-27.697,-540.704,1
87.8,-27.6977,-540.723,1
87.9,-27.6984,-540.762,1
88.,-27.6991,-540.799,1
88.1,-27.6998,-540.852,1
88.2,-27.7005,-540.967,1
88.3,-27.7012,-541.014,1
88.4,-27.7019,-541.115,1
88.5,-27.7026,-541.201,1
88.6,-27.7034,-541.329,1
88.7,-27.7044,-541.477,1
88.8,-27.7053,-541.575,1
88.9,-27.7063,-541.716,1
89.,-27.7072,-541.835,1
89.1,-27.7082,-542.017,1
89.2,-27.7091,-542.22,1
89.3,-27.71,-542.34,1
89.4,-27.711,-542.499,1
89.5,-27.7119,-542.658,1
89.6,-27.7129,-542.873,1
89.7,-27.7138,-543.075,1
89.8,-27.7147,-543.202,1
89.9,-27.7157,-543.375,1
90.,-27.7166,-543.538,1
90.1,-27.7176,-543.783,1
90.2,-27.7185,-543.931,1
90.3,-27.7194,-544.075,1
90.4,-27.7204,-544.233,1
90.5,-27.7213,-544.395,1
90.6,-27.7223,-544.592,1
90.7,-27.7232,-544.715,1
90.8,-27.7242,-544.84,1
90.9,-27.7251,-544.959,1
91.,-27.726,-545.091,1
91.1,-27.727,-545.233,1
91.2,-27.7279,-545.301,1
91.3,-27.7289,-545.388,1
91.4,-27.7298,-545.472,1
91.5,-27.7307,-545.584,1
91.6,-27.7317,-545.669,1
91.7,-27.7326,-545.694,1
91.8,-27.7336,-545.736,1
91.9,-27.7345,-545.758,1
92.,-27.7355,-545.843,1
92.1,-27.7364,-545.861,1
92.2,-27.7373,-545.857,1
92.3,-27.7383,-545.876,1
92.4,-27.7392,-545.855,1
92.5,-27.7402,-545.892,1
92.6,-27.7411,-545.849,1
92.7,-27.742,-545.811,1
92.8,-27.743,-545.78,1
92.9,-27.7439,-545.714,1
93.,-27.7449,-545.689,1
93.1,-27.7458,-545.575,1
93.2,-27.7468,-545.456,1
93.3,-27.7477,-545.307,1
93.4,-27.7486,-545.168,1
93.5,-27.7496,-545.029,1
93.6,-27.7505,-544.809,1
93.7,-27.7515,-544.581,1
93.8,-27.7524,-544.32,1
93.9,-27.7533,-544.073,1
94.,-27.7543,-543.801,1
94.1,-27.7552,-543.497,1
94.2,-27.7562,-543.184,1
94.3,-27.7571,-542.856,1
94.4,-27.7581,-542.598,1
94.5,-27.759,-542.306,1
94.6,-27.7598,-541.976,1
94.7,-27.7605,-541.651,1
94.8,-27.7612,-541.329,1
94.9,-27.7619,-541.086,1
95.,-27.7626,-540.813,1
95.1,-27.7633,-540.537,1
95.2,-27.764,-540.271,1
95.3,-27.7647,-540.036,1
95.4,-27.7654,-539.84,1
95.5,-27.7661,-539.558,1
95.6,-27.7668,-539.296,1
95.7,-27.7675,-539.037,1
95.8,-27.7682,-538.855,1
95.9,-27.7689,-538.685,1
96.,-27.7696,-538.468,1
96.1,-27.7703,-538.301,1
96.2,-27.7711,-538.15,1
96.3,-27.7718,-538.056,1
96.4,-27.7725,-537.949,1
96.5,-27.7732,-537.843,1
96.6,-27.7739,-537.761,1
96.7,-27.7746,-537.663,1
96.8,-27.7753,-537.636,1
96.9,-27.776,-537.603,1
97.,-27.7767,-537.521,1
97.1,-27.7774,-537.485,1
97.2,-27.7781,-537.439,1
97.3,-27.7788,-537.474,1
97.4,-27.7795,-537.436,1
97.5,-27.7802,-537.398,1
97.6,-27.7809,-537.388,1
97.7,-27.7816,-537.375,1
97.8,-27.7824,-537.401,1
97.9,-27.7831,-537.374,1
98.,-27.7838,-537.364,1
98.1,-27.7845,-537.344,1
98.2,-27.7852,-537.336,1
98.3,-27.7859,-537.365,1
98.4,-27.7866,-537.317,1
98.5,-27.7873,-537.334,1
98.6,-27.788,-537.323,1
98.7,-27.7887,-537.345,1
98.8,-27.7894,-537.361,1
98.9,-27.7901,-537.342,1
99.,-27.7908,-537.362,1
99.1,-27.7915,-537.352,1
99.2,-27.7922,-537.413,1
99.3,-27.7929,-537.431,1
99.4,-27.7937,-537.444,1
99.5,-27.7944,-537.463,1
99.6,-27.7951,-537.467,1
99.7,-27.796,-537.55,1
99.8,-27.7969,-537.561,1
99.9,-27.7979,-537.586,1
100.,-27.7988,-537.604,1
100.1,-27.7998,-537.644,1
100.2,-27.8007,-537.717,1
100.3,-27.8016,-537.753,1
100.4,-27.8026,-537.812,1
100.5,-27.8035,-537.851,1
100.6,-27.8045,-537.923,1
100.7,-27.8054,-538.013,1
100.8,-27.8064,-538.049,1
100.9,-27.8073,-538.108,1
101.,-27.8082,-538.16,1
101.1,-27.8092,-538.264,1
101.2,-27.8101,-538.36,1
101.3,-27.8111,-538.421,1
101.4,-27.812,-538.502,1
101.5,-27.8129,-538.576,1
101.6,-27.8139,-538.719,1
101.7,-27.8148,-538.83,1
101.8,-27.8158,-538.902,1
101.9,-27.8167,-539.003,1
102.,-27.8177,-539.084,1
102.1,-27.8186,-539.252,1
102.2,-27.8195,-539.335,1
102.3,-27.8205,-539.409,1
102.4,-27.8214,-539.509,1
102.5,-27.8224,-539.585,1
102.6,-27.8233,-539.694,1
102.7,-27.8242,-539.729,1
102.8,-27.8252,-539.79,1
102.9,-27.8261,-539.851,1
103.,-27.8271,-539.925,1
103.1,-27.828,-540.,1
103.2,-27.8289,-540.011,1
103.3,-27.8299,-540.068,1
103.4,-27.8308,-540.115,1
103.5,-27.8318,-540.204,1
103.6,-27.8327,-540.274,1
103.7,-27.8337,-540.308,1
103.8,-27.8346,-540.382,1
103.9,-27.8355,-540.441,1
104.,-27.8365,-540.555,1
104.1,-27.8374,-540.623,1
104.2,-27.8384,-540.686,1
104.3,-27.8393,-540.775,1
104.4,-27.8402,-540.823,1
104.5,-27.8412,-540.955,1
104.6,-27.8421,-541.029,1
104.7,-27.8431,-541.099,1
104.8,-27.844,-541.159,1
104.9,-27.845,-541.227,1
105.,-27.8459,-541.353,1
105.1,-27.8468,-541.415,1
105.2,-27.8478,-541.482,1
105.3,-27.8487,-541.529,1
105.4,-27.8497,-541.604,1
105.5,-27.8506,-541.711,1
105.6,-27.8515,-541.767,1
105.7,-27.8522,-541.846,1
105.8,-27.8529,-541.881,1
105.9,-27.8536,-541.98,1
106.,-27.8543,-542.081,1
106.1,-27.855,-542.116,1
106.2,-27.8557,-542.164,1
106.3,-27.8564,-542.205,1
106.4,-27.8571,-542.303,1
106.5,-27.8578,-542.36,1
106.6,-27.8585,-542.385,1
106.7,-27.8593,-542.433,1
106.8,-27.86,-542.462,1
106.9,-27.8607,-542.565,1
107.,-27.8614,-542.591,1
107.1,-27.8621,-542.62,1
107.2,-27.8628,-542.647,1
107.3,-27.8635,-542.695,1
107.4,-27.8642,-542.804,1
107.5,-27.8649,-542.813,1
107.6,-27.8656,-542.848,1
107.7,-27.8663,-542.884,1
107.8,-27.867,-542.947,1
107.9,-27.8677,-543.033,1
108.,-27.8684,-543.031,1
108.1,-27.8691,-543.073,1
108.2,-27.8698,-543.095,1
108.3,-27.8706,-543.175,1
108.4,-27.8713,-543.205,1
108.5,-27.872,-543.2,1
108.6,-27.8727,-543.234,1
108.7,-27.8734,-543.243,1
108.8,-27.8741,-543.32,1
108.9,-27.8748,-543.346,1
109.,-27.8755,-543.345,1
109.1,-27.8762,-543.369,1
109.2,-27.8769,-543.386,1
109.3,-27.8776,-543.469,1
109.4,-27.8783,-543.474,1
109.5,-27.879,-543.497,1
109.6,-27.8797,-543.506,1
109.7,-27.8804,-543.527,1
109.8,-27.8811,-543.582,1
109.9,-27.8818,-543.562,1
110.,-27.8826,-543.582,1
110.1,-27.8833,-543.596,1
110.2,-27.884,-543.595,1
110.3,-27.8847,-543.645,1
110.4,-27.8854,-543.634,1
110.5,-27.8861,-543.642,1
110.6,-27.8868,-543.626,1
110.7,-27.8876,-543.646,1
110.8,-27.8886,-543.671,1
110.9,-27.8895,-543.655,1
111.,-27.8905,-543.64,1
111.1,-27.8914,-543.622,1
111.2,-27.8924,-543.667,1
111.3,-27.8933,-543.665,1
111.4,-27.8942,-543.649,1
111.5,-27.8952,-543.661,1
111.6,-27.8961,-543.641,1
111.7,-27.8971,-543.69,1
111.8,-27.898,-543.681,1
111.9,-27.8989,-543.662,1
112.,-27.8999,-543.646,1
112.1,-27.9008,-543.641,1
112.2,-27.9018,-543.694,1
112.3,-27.9027,-543.67,1
112.4,-27.9036,-543.654,1
112.5,-27.9046,-543.631,1
112.6,-27.9055,-543.634,1
112.7,-27.9065,-543.67,1
112.8,-27.9074,-543.628,1
112.9,-27.9084,-543.608,1
113.,-27.9093,-543.567,1
113.1,-27.9102,-543.581,1
113.2,-27.9112,-543.576,1
113.3,-27.9121,-543.524,1
113.4,-27.9131,-543.482,1
113.5,-27.914,-543.445,1
113.6,-27.9149,-543.456,1
113.7,-27.9159,-543.408,1
113.8,-27.9168,-543.36,1
113.9,-27.9178,-543.315,1
114.,-27.9187,-543.263,1
114.1,-27.9197,-543.273,1
114.2,-27.9206,-543.204,1
114.3,-27.9215,-543.151,1
114.4,-27.9225,-543.094,1
114.5,-27.9234,-543.047,1
114.6,-27.9244,-543.035,1
114.7,-27.9253,-542.957,1
114.8,-27.9262,-542.898,1
114.9,-27.9272,-542.842,1
115.,-27.9281,-542.789,1
115.1,-27.9291,-542.755,1
115.2,-27.93,-542.647,1
115.3,-27.931,-542.581,1
115.4,-27.9319,-542.483,1
115.5,-27.9328,-542.404,1
115.6,-27.9338,-542.317,1
115.7,-27.9347,-542.195,1
115.8,-27.9357,-542.096,1
115.9,-27.9366,-541.941,1
116.,-27.9375,-541.85,1
116.1,-27.9385,-541.705,1
116.2,-27.9394,-541.54,1
116.3,-27.9404,-541.381,1
116.4,-27.9413,-541.192,1
116.5,-27.9423,-541.063,1
116.6,-27.9431,-540.866,1
116.7,-27.9438,-540.652,1
116.8,-27.9445,-540.41,1
116.9,-27.9453,-540.174,1
117.,-27.946,-539.964,1
117.1,-27.9467,-539.668,1
117.2,-27.9474,-539.374,1
117.3,-27.9481,-539.039,1
117.4,-27.9488,-538.726,1
117.5,-27.9495,-538.435,1
117.6,-27.9502,-538.039,1
117.7,-27.9509,-537.661,1
117.8,-27.9516,-537.262,1
117.9,-27.9523,-536.929,1
118.,-27.953,-536.593,1
118.1,-27.9537,-536.239,1
118.2,-27.9544,-535.914,1
118.3,-27.9551,-535.59,1
118.4,-27.9558,-535.382,1
118.5,-27.9566,-535.156,1
118.6,-27.9573,-534.934,1
118.7,-27.958,-534.769,1
118.8,-27.9587,-534.609,1
118.9,-27.9594,-534.542,1
119.,-27.9601,-534.42,1
119.1,-27.9608,-534.341,1
119.2,-27.9615,-534.282,1
119.3,-27.9622,-534.259,1
119.4,-27.9629,-534.293,1
119.5,-27.9636,-534.254,1
119.6,-27.9643,-534.259,1
119.7,-27.965,-534.293,1
119.8,-27.9657,-534.349,1
119.9,-27.9664,-534.427,1
120.,-27.9671,-534.467,1
120.1,-27.9679,-534.527,1
120.2,-27.9686,-534.599,1
120.3,-27.9693,-534.715,1
120.4,-27.97,-534.83,1
120.5,-27.9707,-534.904,1
120.6,-27.9714,-535.028,1
120.7,-27.9721,-535.128,1
120.8,-27.9728,-535.275,1
120.9,-27.9735,-535.402,1
121.,-27.9742,-535.516,1
121.1,-27.9749,-535.643,1
121.2,-27.9756,-535.753,1
121.3,-27.9763,-535.935,1
121.4,-27.977,-536.041,1
121.5,-27.9777,-536.173,1
121.6,-27.9784,-536.301,1
121.7,-27.9794,-536.424,1
121.8,-27.9803,-536.593,1
121.9,-27.9813,-536.698,1
122.,-27.9822,-536.817,1
122.1,-27.9831,-536.914,1
122.2,-27.9841,-537.033,1
122.3,-27.985,-537.178,1
122.4,-27.986,-537.26,1
122.5,-27.9869,-537.349,1
122.6,-27.9878,-537.424,1
122.7,-27.9888,-537.545,1
122.8,-27.9897,-537.656,1
122.9,-27.9907,-537.708,1
123.,-27.9916,-537.774,1
123.1,-27.9926,-537.813,1
123.2,-27.9935,-537.921,1
123.3,-27.9944,-537.974,1
123.4,-27.9954,-537.997,1
123.5,-27.9963,-538.034,1
123.6,-27.9973,-538.044,1
123.7,-27.9982,-538.127,1
123.8,-27.9991,-538.137,1
123.9,-28.0001,-538.129,1
124.,-28.001,-538.127,1
124.1,-28.002,-538.125,1
124.2,-28.0029,-538.17,1
124.3,-28.0038,-538.123,1
124.4,-28.0048,-538.087,1
124.5,-28.0057,-538.046,1
124.6,-28.0067,-538.031,1
124.7,-28.0076,-538.023,1
124.8,-28.0086,-537.939,1
124.9,-28.0095,-537.894,1
125.,-28.0104,-537.832,1
125.1,-28.0114,-537.824,1
125.2,-28.0123,-537.802,1
125.3,-28.0133,-537.743,1
125.4,-28.0142,-537.692,1
125.5,-28.0151,-537.599,1
125.6,-28.0161,-537.606,1
125.7,-28.017,-537.571,1
125.8,-28.018,-537.496,1
125.9,-28.0189,-537.432,1
126.,-28.0199,-537.393,1
126.1,-28.0208,-537.397,1
126.2,-28.0217,-537.307,1
126.3,-28.0227,-537.247,1
126.4,-28.0236,-537.195,1
126.5,-28.0246,-537.136,1
126.6,-28.0255,-537.113,1
126.7,-28.0264,-537.025,1
126.8,-28.0274,-536.981,1
126.9,-28.0283,-536.904,1
127.,-28.0293,-536.876,1
127.1,-28.0302,-536.87,1
127.2,-28.0312,-536.821,1
127.3,-28.0321,-536.81,1
127.4,-28.033,-536.78,1
127.5,-28.034,-536.759,1
127.6,-28.0347,-536.785,1
127.7,-28.0355,-536.75,1
127.8,-28.0362,-536.766,1
127.9,-28.0369,-536.753,1
128.,-28.0376,-536.83,1
128.1,-28.0383,-536.823,1
128.2,-28.039,-536.818,1
128.3,-28.0397,-536.856,1
128.4,-28.0404,-536.874,1
128.5,-28.0411,-536.965,1
128.6,-28.0418,-537.,1
128.7,-28.0425,-537.035,1
128.8,-28.0432,-537.089,1
128.9,-28.0439,-537.121,1
129.,-28.0446,-537.248,1
129.1,-28.0453,-537.287,1
129.2,-28.046,-537.36,1
129.3,-28.0468,-537.427,1
129.4,-28.0475,-537.511,1
129.5,-28.0482,-537.635,1
129.6,-28.0489,-537.69,1
129.7,-28.0496,-537.771,1
129.8,-28.0503,-537.836,1
129.9,-28.051,-537.965,1
130.,-28.0517,-538.078,1
130.1,-28.0524,-538.138,1
130.2,-28.0531,-538.233,1
130.3,-28.0538,-538.303,1
130.4,-28.0545,-538.449,1
130.5,-28.0552,-538.549,1
130.6,-28.0559,-538.604,1
130.7,-28.0566,-538.704,1
130.8,-28.0573,-538.792,1
130.9,-28.0581,-538.926,1
131.,-28.0588,-539.011,1
131.1,-28.0595,-539.089,1
131.2,-28.0602,-539.178,1
131.3,-28.0609,-539.3,1
131.4,-28.0616,-539.443,1
131.5,-28.0623,-539.509,1
131.6,-28.063,-539.622,1
131.7,-28.0637,-539.697,1
131.8,-28.0644,-539.808,1
131.9,-28.0651,-539.944,1
132.,-28.0658,-540.012,1
132.1,-28.0665,-540.107,1
132.2,-28.0672,-540.199,1
132.3,-28.0679,-540.33,1
132.4,-28.0686,-540.451,1
132.5,-28.0693,-540.519,1
132.6,-28.0701,-540.621,1
132.7,-28.0711,-540.702,1
132.8,-28.072,-540.83,1
132.9,-28.0729,-540.929,1
133.,-28.0739,-541.007,1
133.1,-28.0748,-541.074,1
133.2,-28.0758,-541.128,1
133.3,-28.0767,-541.278,1
133.4,-28.0776,-541.36,1
133.5,-28.0786,-541.435,1
133.6,-28.0795,-541.501,1
133.7,-28.0805,-541.572,1
133.8,-28.0814,-541.715,1
133.9,-28.0824,-541.759,1
134.,-28.0833,-541.839,1
134.1,-28.0842,-541.905,1
134.2,-28.0852,-541.997,1
134.3,-28.0861,-542.126,1
134.4,-28.0871,-542.163,1
134.5,-28.088,-542.23,1
134.6,-28.0889,-542.282,1
134.7,-28.0899,-542.391,1
134.8,-28.0908,-542.48,1
134.9,-28.0918,-542.503,1
135.,-28.0927,-542.567,1
135.1,-28.0936,-542.61,1
135.2,-28.0946,-542.731,1
135.3,-28.0955,-542.787,1
135.4,-28.0965,-542.814,1
135.5,-28.0974,-542.883,1
135.6,-28.0984,-542.929,1
135.7,-28.0993,-543.04,1
135.8,-28.1002,-543.07,1
135.9,-28.1012,-543.103,1
136.,-28.1021,-543.156,1
136.1,-28.1031,-543.199,1
136.2,-28.104,-543.284,1
136.3,-28.1049,-543.306,1
136.4,-28.1059,-543.34,1
136.5,-28.1068,-543.369,1
136.6,-28.1078,-543.424,1
136.7,-28.1087,-543.476,1
136.8,-28.1097,-543.496,1
136.9,-28.1106,-543.542,1
137.,-28.1115,-543.575,1
137.1,-28.1125,-543.647,1
137.2,-28.1134,-543.681,1
137.3,-28.1144,-543.681,1
137.4,-28.1153,-543.709,1
137.5,-28.1162,-543.73,1
137.6,-28.1172,-543.799,1
137.7,-28.1181,-543.826,1
137.8,-28.1191,-543.845,1
137.9,-28.12,-543.857,1
138.,-28.121,-543.861,1
138.1,-28.1219,-543.905,1
138.2,-28.1228,-543.903,1
138.3,-28.1238,-543.923,1
138.4,-28.1247,-543.911,1
138.5,-28.1257,-543.893,1
138.6,-28.1264,-543.952,1
138.7,-28.1271,-543.953,1
138.8,-28.1278,-543.962,1
138.9,-28.1286,-543.931,1
139.,-28.1293,-543.938,1
139.1,-28.13,-544.003,1
139.2,-28.1307,-544.001,1
139.3,-28.1314,-544.012,1
139.4,-28.1321,-544.,1
139.5,-28.1328,-544.056,1
139.6,-28.1335,-544.101,1
139.7,-28.1342,-544.105,1
139.8,-28.1349,-544.129,1
139.9,-28.1356,-544.136,1
140.,-28.1363,-544.205,1
140.1,-28.137,-544.254,1
140.2,-28.1377,-544.255,1
140.3,-28.1384,-544.282,1
140.4,-28.1391,-544.31,1
140.5,-28.1399,-544.403,1
140.6,-28.1406,-544.428,1
140.7,-28.1413,-544.448,1
140.8,-28.142,-544.493,1
140.9,-28.1427,-544.547,1
141.,-28.1434,-544.657,1
141.1,-28.1441,-544.675,1
141.2,-28.1448,-544.73,1
141.3,-28.1455,-544.791,1
141.4,-28.1462,-544.887,1
141.5,-28.1469,-544.994,1
141.6,-28.1476,-545.033,1
141.7,-28.1483,-545.136,1
141.8,-28.149,-545.217,1
141.9,-28.1497,-545.343,1
142.,-28.1504,-545.438,1
142.1,-28.1512,-545.506,1
142.2,-28.1519,-545.603,1
142.3,-28.1526,-545.695,1
142.4,-28.1533,-545.832,1
142.5,-28.154,-545.916,1
142.6,-28.1547,-546.006,1
142.7,-28.1554,-546.13,1
142.8,-28.1561,-546.223,1
142.9,-28.1568,-546.4,1
143.,-28.1575,-546.5,1
143.1,-28.1582,-546.616,1
143.2,-28.1589,-546.736,1
143.3,-28.1596,-546.855,1
143.4,-28.1603,-547.022,1
143.5,-28.161,-547.13,1
143.6,-28.1618,-547.261,1
143.7,-28.1627,-547.357,1
143.8,-28.1637,-547.484,1
143.9,-28.1646,-547.65,1
144.,-28.1655,-547.741,1
144.1,-28.1665,-547.851,1
144.2,-28.1674,-547.951,1
144.3,-28.1684,-548.106,1
144.4,-28.1693,-548.261,1
144.5,-28.1703,-548.346,1
144.6,-28.1712,-548.483,1
144.7,-28.1721,-548.562,1
144.8,-28.1731,-548.706,1
144.9,-28.174,-548.828,1
145.,-28.175,-548.95,1
145.1,-28.1759,-549.05,1
145.2,-28.1768,-549.145,1
145.3,-28.1778,-549.326,1
145.4,-28.1787,-549.426,1
145.5,-28.1797,-549.507,1
145.6,-28.1806,-549.613,1
145.7,-28.1816,-549.728,1
145.8,-28.1825,-549.886,1
145.9,-28.1834,-549.963,1
146.,-28.1844,-550.087,1
146.1,-28.1853,-550.175,1
146.2,-28.1863,-550.288,1
146.3,-28.1872,-550.424,1
146.4,-28.1881,-550.5,1
146.5,-28.1891,-550.603,1
146.6,-28.19,-550.68,1
146.7,-28.191,-550.812,1
146.8,-28.1919,-550.923,1
146.9,-28.1929,-550.991,1
147.,-28.1938,-551.09,1
147.1,-28.1947,-551.166,1
147.2,-28.1957,-551.3,1
147.3,-28.1966,-551.373,1
147.4,-28.1976,-551.443,1
147.5,-28.1985,-551.542,1
147.6,-28.1994,-551.625,1
147.7,-28.2004,-551.749,1
147.8,-28.2013,-551.814,1
147.9,-28.2023,-551.896,1
148.,-28.2032,-551.984,1
148.1,-28.2041,-552.064,1
148.2,-28.2051,-552.197,1
148.3,-28.206,-552.247,1
148.4,-28.207,-552.322,1
148.5,-28.2079,-552.385,1
148.6,-28.2089,-552.457,1
148.7,-28.2098,-552.556,1
148.8,-28.2107,-552.59,1
148.9,-28.2117,-552.692,1
149.,-28.2126,-552.713,1
149.1,-28.2136,-552.797,1
149.2,-28.2145,-552.87,1
149.3,-28.2154,-552.91,1
149.4,-28.2164,-552.968,1
149.5,-28.2173,-553.001,1
149.6,-28.2181,-553.096,1
149.7,-28.2188,-553.143,1
149.8,-28.2195,-553.179,1
149.9,-28.2203,-553.242,1
150.,-28.221,-553.258,1
150.1,-28.2217,-553.341,1
150.2,-28.2224,-553.368,1
150.3,-28.2231,-553.418,1
150.4,-28.2238,-553.442,1
150.5,-28.2245,-553.47,1
150.6,-28.2252,-553.545,1
150.7,-28.2259,-553.553,1
150.8,-28.2266,-553.588,1
150.9,-28.2273,-553.598,1
151.,-28.228,-553.643,1
151.1,-28.2287,-553.72,1
151.2,-28.2294,-553.723,1
151.3,-28.2301,-553.752,1
151.4,-28.2308,-553.755,1
151.5,-28.2316,-553.823,1
151.6,-28.2323,-553.884,1
151.7,-28.233,-553.875,1
151.8,-28.2337,-553.912,1
151.9,-28.2344,-553.92,1
152.,-28.2351,-554.013,1
152.1,-28.2358,-554.05,1
152.2,-28.2365,-554.045,1
152.3,-28.2372,-554.062,1
152.4,-28.2379,-554.084,1
152.5,-28.2386,-554.173,1
152.6,-28.2393,-554.173,1
152.7,-28.24,-554.195,1
152.8,-28.2407,-554.238,1
152.9,-28.2414,-554.286,1
153.,-28.2421,-554.365,1
153.1,-28.2428,-554.373,1
153.2,-28.2436,-554.421,1
153.3,-28.2443,-554.465,1
153.4,-28.245,-554.536,1
153.5,-28.2457,-554.622,1
153.6,-28.2464,-554.648,1
153.7,-28.2471,-554.708,1
153.8,-28.2478,-554.757,1
153.9,-28.2485,-554.86,1
154.,-28.2492,-554.933,1
154.1,-28.2499,-554.971,1
154.2,-28.2506,-555.041,1
154.3,-28.2513,-555.083,1
154.4,-28.252,-555.192,1
154.5,-28.2527,-555.246,1
154.6,-28.2534,-555.308,1
154.7,-28.2543,-555.374,1
154.8,-28.2553,-555.399,1
154.9,-28.2562,-555.515,1
155.,-28.2572,-555.57,1
155.1,-28.2581,-555.636,1
155.2,-28.259,-555.7,1
155.3,-28.26,-555.76,1
155.4,-28.2609,-555.862,1
155.5,-28.2619,-555.912,1
155.6,-28.2628,-555.957,1
155.7,-28.2638,-555.991,1
155.8,-28.2647,-556.06,1
155.9,-28.2656,-556.145,1
156.,-28.2666,-556.154,1
156.1,-28.2675,-556.194,1
156.2,-28.2685,-556.218,1
156.3,-28.2694,-556.287,1
156.4,-28.2703,-556.352,1
156.5,-28.2713,-556.344,1
156.6,-28.2722,-556.365,1
156.7,-28.2732,-556.371,1
156.8,-28.2741,-556.437,1
156.9,-28.2751,-556.476,1
157.,-28.276,-556.478,1
157.1,-28.2769,-556.483,1
157.2,-28.2779,-556.487,1
157.3,-28.2788,-556.568,1
157.4,-28.2798,-556.546,1
157.5,-28.2807,-556.539,1
157.6,-28.2816,-556.536,1
157.7,-28.2826,-556.531,1
157.8,-28.2835,-556.579,1
157.9,-28.2845,-556.541,1
158.,-28.2854,-556.515,1
158.1,-28.2864,-556.499,1
158.2,-28.2873,-556.517,1
158.3,-28.2882,-556.547,1
158.4,-28.2892,-556.508,1
158.5,-28.2901,-556.503,1
158.6,-28.2911,-556.483,1
158.7,-28.292,-556.509,1
158.8,-28.2929,-556.519,1
158.9,-28.2939,-556.5,1
159.,-28.2948,-556.517,1
159.1,-28.2958,-556.519,1
159.2,-28.2967,-556.568,1
159.3,-28.2977,-556.555,1
159.4,-28.2986,-556.554,1
159.5,-28.2995,-556.571,1
159.6,-28.3005,-556.569,1
159.7,-28.3014,-556.641,1
159.8,-28.3024,-556.628,1
159.9,-28.3033,-556.632,1
160.,-28.3042,-556.64,1
160.1,-28.3052,-556.633,1
160.2,-28.3061,-556.715,1
160.3,-28.3071,-556.708,1
160.4,-28.308,-556.742,1
160.5,-28.309,-556.749,1
160.6,-28.3098,-556.787,1
160.7,-28.3105,-556.848,1
160.8,-28.3112,-556.846,1
160.9,-28.3119,-556.878,1
161.,-28.3126,-556.886,1
161.1,-28.3134,-556.958,1
161.2,-28.3141,-557.018,1
161.3,-28.3148,-557.027,1
161.4,-28.3155,-557.06,1
161.5,-28.3162,-557.064,1
161.6,-28.3169,-557.137,1
161.7,-28.3176,-557.172,1
161.8,-28.3183,-557.209,1
161.9,-28.319,-557.247,1
162.,-28.3197,-557.277,1
162.1,-28.3204,-557.378,1
162.2,-28.3211,-557.412,1
162.3,-28.3218,-557.443,1
162.4,-28.3225,-557.462,1
162.5,-28.3232,-557.512,1
162.6,-28.3239,-557.597,1
162.7,-28.3246,-557.627,1
162.8,-28.3254,-557.669,1
162.9,-28.3261,-557.718,1
163.,-28.3268,-557.799,1
163.1,-28.3275,-557.895,1
163.2,-28.3282,-557.92,1
163.3,-28.3289,-557.988,1
163.4,-28.3296,-558.06,1
163.5,-28.3303,-558.156,1
163.6,-28.331,-558.259,1
163.7,-28.3317,-558.309,1
163.8,-28.3324,-558.37,1
163.9,-28.3331,-558.447,1
164.,-28.3338,-558.577,1
164.1,-28.3345,-558.661,1
164.2,-28.3352,-558.714,1
164.3,-28.3359,-558.808,1
164.4,-28.3367,-558.898,1
164.5,-28.3374,-559.028,1
164.6,-28.3381,-559.091,1
164.7,-28.3388,-559.163,1
164.8,-28.3395,-559.246,1
164.9,-28.3402,-559.344,1
165.,-28.3409,-559.479,1
165.1,-28.3416,-559.532,1
165.2,-28.3423,-559.617,1
165.3,-28.343,-559.696,1
165.4,-28.3437,-559.804,1
165.5,-28.3444,-559.934,1
165.6,-28.3451,-559.985,1
165.7,-28.346,-560.082,1
165.8,-28.3469,-560.14,1
165.9,-28.3479,-560.266,1
166.,-28.3488,-560.358,1
166.1,-28.3497,-560.432,1
166.2,-28.3507,-560.518,1
166.3,-28.3516,-560.56,1
166.4,-28.3526,-560.696,1
166.5,-28.3535,-560.779,1
166.6,-28.3545,-560.84,1
166.7,-28.3554,-560.908,1
166.8,-28.3563,-560.945,1
166.9,-28.3573,-561.074,1
167.,-28.3582,-561.153,1
167.1,-28.3592,-561.228,1
167.2,-28.3601,-561.27,1
167.3,-28.361,-561.331,1
167.4,-28.362,-561.443,1
167.5,-28.3629,-561.49,1
167.6,-28.3639,-561.553,1
167.7,-28.3648,-561.612,1
167.8,-28.3658,-561.705,1
167.9,-28.3667,-561.796,1
168.,-28.3676,-561.827,1
168.1,-28.3686,-561.888,1
168.2,-28.3695,-561.94,1
168.3,-28.3705,-562.047,1
168.4,-28.3714,-562.113,1
168.5,-28.3723,-562.157,1
168.6,-28.3733,-562.224,1
168.7,-28.3742,-562.269,1
168.8,-28.3752,-562.383,1
168.9,-28.3761,-562.455,1
169.,-28.3771,-562.49,1
169.1,-28.378,-562.541,1
169.2,-28.3789,-562.589,1
169.3,-28.3799,-562.729,1
169.4,-28.3808,-562.783,1
169.5,-28.3818,-562.826,1
169.6,-28.3827,-562.873,1
169.7,-28.3836,-562.93,1
169.8,-28.3846,-563.042,1
169.9,-28.3855,-563.063,1
170.,-28.3865,-563.118,1
170.1,-28.3874,-563.157,1
170.2,-28.3884,-563.211,1
170.3,-28.3893,-563.306,1
170.4,-28.3902,-563.315,1
170.5,-28.3912,-563.363,1
170.6,-28.3921,-563.41,1
170.7,-28.3931,-563.473,1
170.8,-28.394,-563.552,1
170.9,-28.3949,-563.587,1
171.,-28.3959,-563.659,1
171.1,-28.3968,-563.698,1
171.2,-28.3978,-563.805,1
171.3,-28.3987,-563.879,1
171.4,-28.3996,-563.921,1
171.5,-28.4006,-563.983,1
171.6,-28.4015,-564.012,1
171.7,-28.4022,-564.126,1
171.8,-28.4029,-564.19,1
171.9,-28.4036,-564.255,1
172.,-28.4043,-564.314,1
172.1,-28.405,-564.366,1
172.2,-28.4057,-564.468,1
172.3,-28.4064,-564.521,1
172.4,-28.4071,-564.593,1
172.5,-28.4078,-564.642,1
172.6,-28.4085,-564.717,1
172.7,-28.4092,-564.803,1
172.8,-28.4099,-564.846,1
172.9,-28.4106,-564.917,1
173.,-28.4113,-564.976,1
173.1,-28.4121,-565.071,1
173.2,-28.4128,-565.183,1
173.3,-28.4135,-565.218,1
173.4,-28.4142,-565.278,1
173.5,-28.4149,-565.338,1
173.6,-28.4156,-565.452,1
173.7,-28.4163,-565.521,1
173.8,-28.417,-565.555,1
173.9,-28.4177,-565.612,1
174.,-28.4184,-565.669,1
174.1,-28.4191,-565.779,1
174.2,-28.4198,-565.808,1
174.3,-28.4205,-565.858,1
174.4,-28.4212,-565.905,1
174.5,-28.4219,-565.953,1
174.6,-28.4226,-566.053,1
174.7,-28.4234,-566.074,1
174.8,-28.4241,-566.117,1
174.9,-28.4248,-566.159,1
175.,-28.4255,-566.225,1
175.1,-28.4262,-566.304,1
175.2,-28.4269,-566.298,1
175.3,-28.4276,-566.352,1
175.4,-28.4283,-566.396,1
175.5,-28.429,-566.462,1
175.6,-28.4297,-566.507,1
175.7,-28.4304,-566.524,1
175.8,-28.4311,-566.566,1
175.9,-28.4318,-566.58,1
176.,-28.4325,-566.636,1
176.1,-28.4332,-566.662,1
176.2,-28.4339,-566.666,1
176.3,-28.4347,-566.706,1
176.4,-28.4354,-566.711,1
176.5,-28.4361,-566.777,1
176.6,-28.4368,-566.754,1
176.7,-28.4376,-566.766,1
176.8,-28.4386,-566.785,1
176.9,-28.4395,-566.792,1
177.,-28.4405,-566.849,1
177.1,-28.4414,-566.829,1
177.2,-28.4423,-566.839,1
177.3,-28.4433,-566.827,1
177.4,-28.4442,-566.842,1
177.5,-28.4452,-566.876,1
177.6,-28.4461,-566.845,1
177.7,-28.4471,-566.857,1
177.8,-28.448,-566.82,1
177.9,-28.4489,-566.847,1
178.,-28.4499,-566.877,1
178.1,-28.4508,-566.846,1
178.2,-28.4518,-566.825,1
178.3,-28.4527,-566.798,1
178.4,-28.4536,-566.835,1
178.5,-28.4546,-566.82,1
178.6,-28.4555,-566.78,1
178.7,-28.4565,-566.762,1
178.8,-28.4574,-566.724,1
178.9,-28.4584,-566.765,1
179.,-28.4593,-566.756,1
179.1,-28.4602,-566.717,1
179.2,-28.4612,-566.687,1
179.3,-28.4621,-566.652,1
179.4,-28.4631,-566.687,1
179.5,-28.464,-566.651,1
179.6,-28.4649,-566.621,1
179.7,-28.4659,-566.579,1
179.8,-28.4668,-566.581,1
179.9,-28.4678,-566.602,1
180.,-28.4687,-566.539,1
180.1,-28.4697,-566.517,1
180.2,-28.4706,-566.461,1
180.3,-28.4715,-566.463,1
180.4,-28.4725,-566.447,1
180.5,-28.4734,-566.401,1
180.6,-28.4744,-566.378,1
180.7,-28.4753,-566.333,1
180.8,-28.4762,-566.346,1
180.9,-28.4772,-566.301,1
181.,-28.4781,-566.243,1
181.1,-28.4791,-566.222,1
181.2,-28.48,-566.195,1
181.3,-28.481,-566.198,1
181.4,-28.4819,-566.15,1
181.5,-28.4828,-566.113,1
181.6,-28.4838,-566.074,1
181.7,-28.4847,-566.051,1
181.8,-28.4857,-566.066,1
181.9,-28.4866,-566.027,1
182.,-28.4875,-566.009,1
182.1,-28.4885,-565.971,1
182.2,-28.4894,-565.951,1
182.3,-28.4904,-565.959,1
182.4,-28.4913,-565.9,1
182.5,-28.4923,-565.882,1
182.6,-28.4932,-565.843,1
182.7,-28.4939,-565.842,1
182.8,-28.4946,-565.846,1
182.9,-28.4953,-565.811,1
183.,-28.496,-565.801,1
183.1,-28.4967,-565.759,1
183.2,-28.4974,-565.783,1
183.3,-28.4981,-565.791,1
183.4,-28.4988,-565.762,1
183.5,-28.4996,-565.761,1
183.6,-28.5003,-565.753,1
183.7,-28.501,-565.798,1
183.8,-28.5017,-565.782,1
183.9,-28.5024,-565.773,1
184.,-28.5031,-565.785,1
184.1,-28.5038,-565.793,1
184.2,-28.5045,-565.844,1
184.3,-28.5052,-565.822,1
184.4,-28.5059,-565.833,1
184.5,-28.5066,-565.819,1
184.6,-28.5073,-565.835,1
184.7,-28.508,-565.889,1
184.8,-28.5087,-565.872,1
184.9,-28.5094,-565.888,1
185.,-28.5101,-565.879,1
185.1,-28.5109,-565.929,1
185.2,-28.5116,-565.967,1
185.3,-28.5123,-565.957,1
185.4,-28.513,-565.953,1
185.5,-28.5137,-565.962,1
185.6,-28.5144,-566.028,1
185.7,-28.5151,-566.042,1
185.8,-28.5158,-566.031,1
185.9,-28.5165,-566.048,1
186.,-28.5172,-566.077,1
186.1,-28.5179,-566.103,1
186.2,-28.5186,-566.033,1
186.3,-28.5193,-566.052,1
186.4,-28.52,-566.069,1
186.5,-28.5207,-566.067,1
186.6,-28.5214,-566.11,1
186.7,-28.5222,-566.092,1
186.8,-28.5229,-566.088,1
186.9,-28.5236,-566.071,1
187.,-28.5243,-566.091,1
187.1,-28.525,-566.113,1
187.2,-28.5257,-566.079,1
187.3,-28.5264,-566.079,1
187.4,-28.5271,-566.068,1
187.5,-28.5278,-566.083,1
187.6,-28.5285,-566.074,1
187.7,-28.5293,-566.045,1
187.8,-28.5303,-566.034,1
187.9,-28.5312,-565.992,1
188.,-28.5322,-566.01,1
188.1,-28.5331,-565.976,1
188.2,-28.534,-565.919,1
188.3,-28.535,-565.892,1
188.4,-28.5359,-565.838,1
188.5,-28.5369,-565.84,1
188.6,-28.5378,-565.775,1
188.7,-28.5388,-565.728,1
188.8,-28.5397,-565.667,1
188.9,-28.5406,-565.612,1
189.,-28.5416,-565.608,1
189.1,-28.5425,-565.526,1
189.2,-28.5435,-565.497,1
189.3,-28.5444,-565.407,1
189.4,-28.5453,-565.362,1
189.5,-28.5463,-565.343,1
189.6,-28.5472,-565.254,1
189.7,-28.5482,-565.184,1
189.8,-28.5491,-565.118,1
189.9,-28.55,-565.113,1
190.,-28.551,-565.069,1
190.1,-28.5519,-564.976,1
190.2,-28.5529,-564.925,1
190.3,-28.5538,-564.848,1
190.4,-28.5548,-564.853,1
190.5,-28.5557,-564.789,1
190.6,-28.5566,-564.718,1
190.7,-28.5576,-564.653,1
190.8,-28.5585,-564.571,1
190.9,-28.5595,-564.569,1
191.,-28.5604,-564.491,1
191.1,-28.5613,-564.416,1
191.2,-28.5623,-564.358,1
191.3,-28.5632,-564.306,1
191.4,-28.5642,-564.288,1
191.5,-28.5651,-564.207,1
191.6,-28.5661,-564.131,1
191.7,-28.567,-564.055,1
191.8,-28.5679,-564.021,1
191.9,-28.5689,-563.992,1
192.,-28.5698,-563.897,1
